{
    "name": "root",
    "metadata": {
        "timer_format_version": "0.1.0",
        "start_time_seconds": "1652279068",
        "python_version": "3.8.10 (tags/v3.8.10:3d8993a, May  3 2021, 11:48:03) [MSC v.1928 64 bit (AMD64)]",
        "command_line_arguments": "C:\\Users\\vika9\\Desktop\\articulations-robot-demo-mlagents\\ArmRobot\\venv\\Scripts\\mlagents-learn --run-id=2ArmHand5",
        "mlagents_version": "0.28.0",
        "mlagents_envs_version": "0.28.0",
        "communication_protocol_version": "1.5.0",
        "pytorch_version": "1.7.0+cu110",
        "numpy_version": "1.22.3",
        "end_time_seconds": "1652279152"
    },
    "total": 84.1786706,
    "count": 1,
    "self": 0.005256500000001552,
    "children": {
        "run_training.setup": {
            "total": 0.06718219999999997,
            "count": 1,
            "self": 0.06718219999999997
        },
        "TrainerController.start_learning": {
            "total": 84.1062319,
            "count": 1,
            "self": 0.019997399999923005,
            "children": {
                "TrainerController._reset_env": {
                    "total": 4.351847599999999,
                    "count": 1,
                    "self": 4.351847599999999
                },
                "TrainerController.advance": {
                    "total": 79.61327610000008,
                    "count": 1279,
                    "self": 0.018036000000194008,
                    "children": {
                        "env_step": {
                            "total": 79.45493679999998,
                            "count": 1279,
                            "self": 72.14280799999995,
                            "children": {
                                "SubprocessEnvManager._take_step": {
                                    "total": 7.300990700000022,
                                    "count": 1279,
                                    "self": 0.06359500000008289,
                                    "children": {
                                        "TorchPolicy.evaluate": {
                                            "total": 7.237395699999939,
                                            "count": 1279,
                                            "self": 2.993760199999885,
                                            "children": {
                                                "TorchPolicy.sample_actions": {
                                                    "total": 4.243635500000054,
                                                    "count": 1279,
                                                    "self": 4.243635500000054
                                                }
                                            }
                                        }
                                    }
                                },
                                "workers": {
                                    "total": 0.011138100000023243,
                                    "count": 1278,
                                    "self": 0.0,
                                    "children": {
                                        "worker_root": {
                                            "total": 19.616048999999965,
                                            "count": 1278,
                                            "is_parallel": true,
                                            "self": 9.258123599999994,
                                            "children": {
                                                "steps_from_proto": {
                                                    "total": 0.0005369000000001733,
                                                    "count": 1,
                                                    "is_parallel": true,
                                                    "self": 0.0003165000000002749,
                                                    "children": {
                                                        "_process_rank_one_or_two_observation": {
                                                            "total": 0.00022039999999989845,
                                                            "count": 2,
                                                            "is_parallel": true,
                                                            "self": 0.00022039999999989845
                                                        }
                                                    }
                                                },
                                                "UnityEnvironment.step": {
                                                    "total": 10.35738849999997,
                                                    "count": 1278,
                                                    "is_parallel": true,
                                                    "self": 0.0813692999999791,
                                                    "children": {
                                                        "UnityEnvironment._generate_step_input": {
                                                            "total": 0.07016240000000185,
                                                            "count": 1278,
                                                            "is_parallel": true,
                                                            "self": 0.07016240000000185
                                                        },
                                                        "communicator.exchange": {
                                                            "total": 9.898416799999996,
                                                            "count": 1278,
                                                            "is_parallel": true,
                                                            "self": 9.898416799999996
                                                        },
                                                        "steps_from_proto": {
                                                            "total": 0.3074399999999944,
                                                            "count": 1278,
                                                            "is_parallel": true,
                                                            "self": 0.1980999999999975,
                                                            "children": {
                                                                "_process_rank_one_or_two_observation": {
                                                                    "total": 0.10933999999999688,
                                                                    "count": 2556,
                                                                    "is_parallel": true,
                                                                    "self": 0.10933999999999688
                                                                }
                                                            }
                                                        }
                                                    }
                                                }
                                            }
                                        }
                                    }
                                }
                            }
                        },
                        "trainer_advance": {
                            "total": 0.14030329999990254,
                            "count": 1278,
                            "self": 0.02442659999994312,
                            "children": {
                                "process_trajectory": {
                                    "total": 0.11587669999995942,
                                    "count": 1278,