{"count":1,"self":423.44686079999997,"total":4835.2436473,"children":{"InitializeSensors":{"count":1,"self":0.0009996,"total":0.0009996,"children":null},"AgentSendState":{"count":3864315,"self":4.03682,"total":10.327746099999999,"children":{"CollectObservations":{"count":774692,"self":1.4553285999999999,"total":1.4553285999999999,"children":null},"CollectDiscreteActionMasks":{"count":774692,"self":0.2234448,"total":0.2234448,"children":null},"RequestDecision":{"count":774692,"self":0.8974911,"total":4.6121527,"children":{"AgentInfo.ToProto":{"count":774692,"self":1.3110081999999998,"total":3.7146616,"children":{"GenerateSensorData":{"count":774692,"self":2.4036534,"total":2.4036534,"children":null}}}}}}},"DecideAction":{"count":3864315,"self":4256.5664768,"total":4256.5663322,"children":null},"AgentAct":{"count":3864315,"self":144.8833536,"total":144.9003359,"children":{"AgentInfo.ToProto":{"count":2851,"self":0.0079835,"total":0.016983599999999998,"children":{"GenerateSensorData":{"count":2851,"self":0.0090000999999999987,"total":0.0090000999999999987,"children":null}}}}}},"gauges":{"TouchCube.CumulativeReward":{"count":2851,"max":9,"min":-12770,"runningAverage":-339.0782,"value":-2043,"weightedAverage":-1300.62671}},"metadata":{"timer_format_version":"0.1.0","start_time_seconds":"1658478424","unity_version":"2020.1.13f1","command_line_arguments":"D:\\Users\\vika9\\Unity Projects\\Reinforcement-Learning\\Unity Project Articulations Robot\\Python Scripts and Build\\TouchCube.exe --mlagents-port 5005","communication_protocol_version":"1.0.0","com.unity.ml-agents_version":"1.2.0-preview","scene_name":"Limited Hand","end_time_seconds":"1658483259"}}